NOME;TELEFONE;EMAIL;TERMO BUSCA;ENDEREÇO;SITE
"Home
A Flex
Serviços
Clientes
Contato";1136086444;vendas@flexelevadores.com.br;empresa de elevadores zona central São Paulo;"Rua Francisco Vieira, 77 - Tatuapé - São Paulo
CEP";https://www.flexst.com.br/
"HOME
EMPRESA
PRODUTOS
SERVIÇOS
CLIENTES
CONTATO";1139344855;contato@basselevadores.com.br;manutenção de elevadores zona norte São Paulo;"Rua Orlando Lopes de Oliveira, 1000
CEP";http://basselevadores.com.br/manutencao-de-elevadores-em-sao-paulo-sp.php
MODERNIZAÇÃO ELEVADORES NA ZONA NORTE DE SP;11983291600;contato@ripublic.com.br;modernização de elevadores zona norte São Paulo;Barbosa, 481 - Macedo, Guarulhos - SP, 07113-040;https://ripublic.com.br/informacoes/modernizacao-elevadores/regiao/zona-norte-de-sp
"Home
Sobre Nós
Manutenção
Modernização
Contato";1126142631;contato@teamelevadores.com.br;modernização de elevadores zona leste São Paulo;"Rua Dom Vilares, 530, Vila das Mercês
";https://www.teamelevadores.com.br/
"AGILIDADE E EFICIÊNCIA
PARA MELHOR ATENDER VOCÊ";1133450000;bruno@crel.com.br;modernização de elevadores zona oeste São Paulo;;https://crel.com.br/
Venda seu carro sem burocracia, rápido e com segurança.;11940340121;contato@compramoscarros.com.br;venda seu carro São Paulo;Avenida Brigadeiro Luíz Antonio, 1061 ;https://www.compramoscarros.com.br/
Venda seu carro no mesmo dia;;imprensa@kavak.com;venda seu carro São Paulo;;https://www.kavak.com/br/vender-carro
VAAPTY!;0000017674;sac@vaapty.com;venda seu carro São Paulo;;https://www.vaapty.com/
"MAGNUS CAR
ESTOQUE VENDA SEU CARRO FINANCIE SOBRE
(11)99537-5286
Whatsapp";11995375286;magnuscarceo@gmail.com;venda seu carro São Paulo;Avenida Cupecê, 3545 - Jardim Itacolomi - - São Paulo;https://magnuscar.com.br/
"Vender
Certificar carro
Comprar
Como funciona";;apoio@instacarro.com;venda seu carro São Paulo;;https://www.instacarro.com/
Carros usados à venda em São Paulo-SP | Mobiauto;;faleconosco@mobiauto.com.br;venda de seminovos São Paulo;;https://www.mobiauto.com.br/comprar/carros-usados/sp-sao-paulo
"Dancar Seminovos
ESTOQUE VENDA SEU CARRO FINANCIE SOBRE
(11)98053-2029
Whatsapp";11980532029;danidancarseminovos@gmail.com;venda de seminovos São Paulo;;https://dancarbrmultimarcas.com.br/
"Global Veículos
ESTOQUE VENDA SEU CARRO FINANCIE SOBRE
(11)96864-3910
Whatsapp";11968643910;global.veiculos@yahoo.com.br;venda de seminovos São Paulo;Avenida Casa Grande, 1370 - Vila Cunha Bueno - São Paulo;https://globalveiculosp.com.br/
